title,date,desc,content,keywords
New York City Mandates Vaccines for Its Workers to ‘End the Covid Era',2021-10-20T20:50:14Z,"Mayor Bill de Blasio says 46,000 unvaccinated city workers must get a coronavirus shot by November or lose their paychecks.","Gregory Floyd, president of Teamsters Local 237, which represents approximately 7,400 employees in the public housing system, where just six in 10 workers are vaccinated, said he believes many worker… [+1725 chars]","['#,', '#Gregory', '#Floyd', '#president', '#Teamsters']"
Most U.S. Health Workers Comply With Vaccine Mandates,2021-09-29T09:24:17Z,"Although some have quit their jobs rather than get inoculated against the coronavirus, hospitals’ and nursing homes’ ability to hire healthy immunized employees may ease any shortages.","Hundreds of sought-after nurses are leaving some U.S. hospitals that have established vaccine requirements for all employees, involving some protests and legal opposition. But most workers, especiall… [+7747 chars]","['#,', '#Hundreds', '#sought', '#-', '#nurses']"
Experts Call for U.S. Vaccination Push as Colder Months Loom,2021-10-08T10:02:38Z,Experts say that steady inoculation rates are crucial to avoid a winter coronavirus surge. San Francisco is easing some mask restrictions for vaccinated people.,"LiveUpdated Oct. 8, 2021, 5:56 a.m. ET
Oct. 8, 2021, 5:56 a.m. ET
Experts say that steady inoculation rates are crucial to avoid a winter coronavirus surge. San Francisco is easing some mask restri… [+9850 chars]","['#,', '#Oct.', '#8', '#2021', '#5:56']"
How a Vaccine Mandate Could Worsen a Shortage of Home Care Aides,2021-10-07T07:00:07Z,"Some 250,000 home health care workers must get the coronavirus vaccine by Friday, but tens of thousands of them have yet to receive it.","JASA, an organization serving older adults in New York City, said that its staff members had rushed to be vaccinated this week after an all-out push by the agency. Among its 660 home health aides, so… [+4283 chars]","['#,', '#JASA', '#organization', '#serving', '#older']"
New York Hospitals Face Possible Mass Firings as Workers Spurn Vaccines,2021-09-24T21:01:26Z,"With a Monday deadline looming, thousands of health care workers in the state are risking their jobs by not getting a coronavirus vaccine.","New York States vaccination requirement for health care workers is among the largest mandates of its kind that is set to take effect in the United States, with weekly virus testing not permitted as a… [+2279 chars]","['#States', '#New', '#York', '#vaccination', '#requirement']"
The State of the Pandemic,2021-10-07T10:00:07Z,What can the U.S. expect from the coronavirus this fall? And what do we know about booster shots and a possible new treatment?,"Apoorva Mandavilli contributed reporting.
The Daily is made by Lisa Tobin, Rachel Quester, Lynsea Garrison, Annie Brown, Clare Toeniskoetter, Paige Cowett, Michael Simon Johnson, Brad Fisher, Lariss… [+737 chars]","['#,', '#Apoorva', '#Mandavilli', '#contributed', '#reporting']"
"After F.D.A. Approval, C.D.C. Is Set to Decide Who Qualifies for Booster Shots",2021-09-23T09:22:30Z,A decision is expected on Thursday on that thorny question. And Alaska’s hospitals are struggling in latest coronavirus surge.,"Scientific advisers to the Centers for Disease Control and Prevention will take up a thorny challenge on Thursday: Who qualifies for the new Pfizer-BioNTech coronavirus booster and why?
On Wednesday… [+9714 chars]","['#Scientific', '#advisers', '#Centers', '#Disease', '#Control']"
"The Music Lost to Coronavirus, Part 3",2021-10-12T15:50:24Z,"Remembering Jacob Desvarieux, John Davis and Chucky Thompson.","This past summer, it briefly seemed as if the worst of the coronavirus might be behind us. But despite some encouraging signs like the concert business amping up again the pandemics landscape continu… [+1147 chars]","['#This', '#past', '#summer', '#,', '#briefly']"
Dubai opens coronavirus-delayed Expo 2020,2021-09-30T23:08:51Z,Organisers say the world fair will be the largest global gathering since the start of the pandemic.,"Image caption, The Expo 2020 opened with a colourful ceremony on Thursday evening
The coronavirus-delayed Expo 2020 has opened in Dubai, with organisers aiming to stage the largest global gathering … [+3043 chars]","['#,', '#The', '#Expo', '#2020', '#opened']"
Rikers Death Pushes Toll in N.Y.C. Jails to 13 This Year,2021-10-15T23:38:51Z,"The man who died contracted the coronavirus while awaiting trial on weapons charges after being unable to post $100,000 bail, his lawyer said.","Mr. Mercados brother, Ray Rivera, 65, said that his family could not raise enough money for his bail and was reeling from their loss. 
We didnt want him to die in there, Mr. Rivera said. Im crushed.… [+1828 chars]","['#,', '#.', '#Mr.', '#Rivera', '#said']"
Bolsonaro's Pandemic Handling Draws Explosive Allegation: Homicide,2021-10-19T20:02:29Z,A long-awaited report from a panel of Brazilian senators concludes that Jair Bolsonaro purposely let the coronavirus kill Brazilians in a failed bid for herd immunity.,"The committee was scheduled to release the report on Wednesday and then vote on it a week later. The group of seven opposition senators generally agree on the report, Mr. Calheiros said, suggesting t… [+1906 chars]","['#The', '#report', '#,', '#committee', '#scheduled']"
New Jersey Election Seen as Test of Coronavirus Mandates,2021-10-12T09:00:23Z,The New Jersey’s governor contest is one of the first statewide elections to measure how voters now feel about strict coronavirus mandates.,"Still, along the Jersey Shore in Ocean County, where Mr. Trump won by nearly 30 points, it remains easy to find anti-mask yard signs that read Free the Smiles. And across the state some local board o… [+1472 chars]","['#,', '#Still', '#Jersey', '#Shore', '#Ocean']"
"Live Performance Is Back, With New Rituals Joining the Old Ones",2021-10-19T15:37:58Z,Seeing theater these days can involve waiting in lines to show proof of vaccination and getting rapid coronavirus tests for young children. Many fans seem undeterred.,"They made it in: Reached after the performance, Spino said checkers had let Nicholas attend Stomp with proof of a negative rapid test he had taken earlier in the day.
At some shows, adults who have … [+1492 chars]","['#,', '#They', '#:', '#Reached', '#performance']"
"Turn Empty N.Y.C. Hotels Into Permanent Housing for Homeless, Adams Says",2021-10-03T12:08:22Z,Thousands of rooms in hotels shuttered by the coronavirus pandemic would become “supportive housing” under a plan announced by New York’s likely next mayor.,"He was not clear about whether there was any overlap between his plan and those that the current mayor, Bill de Blasio, and the former governor of New York, Andrew M. Cuomo, have already begun to bui… [+1359 chars]","['#,', '#He', '#clear', '#overlap', '#plan']"
"Please, Everyone, a Moment of Silence for These Antivax Cops Who Ragequit Their Jobs",2021-10-20T21:20:00Z,"On Tuesday, around a dozen former Washington State Patrol (WSP) troopers laid their boots and uniform hats on the steps of the Washington State Capitol in memory of those troopers lost to the coronavirus pandemic. Read more...","On Tuesday, around a dozen former Washington State Patrol (WSP) troopers laid their boots and uniform hats on the steps of the Washington State Capitol in memory of those troopers lost to the coronav… [+6505 chars]","['#Washington', '#State', '#troopers', '#On', '#Tuesday']"
How Black Churches Are Encouraging Vaccines in New York,2021-10-09T09:00:14Z,"More than 80 percent of adults in New York City have received at least one dose of the coronavirus vaccine, but there are significant racial disparities in the vaccination rate.","Among Black New Yorkers, only 48 percent of those between 18 and 44 have gotten at least one dose of the vaccine, compared with roughly 60 percent of those 45 and older, according to city data.
 Gen… [+3935 chars]","['#,', '#percent', '#Among', '#Black', '#New']"
"U.S. Open Stars Fall at Indian Wells, Which Struggles to Draw a Crowd",2021-10-14T03:14:18Z,"The tournament, the first major sporting event canceled because of the coronavirus pandemic in March 2020, was moved to October for its return, but attendance is down by half and atmosphere is lacking.","The decision to require vaccination of all spectators may have limited the overall numbers while reassuring some fans. When we saw everybody was going to be vaccinated, we definitely felt better abou… [+1456 chars]","['#The', '#decision', '#require', '#vaccination', '#spectators']"
LeBron James gets vaccine after initial scepticism,2021-09-28T22:17:28Z,"Basketball great LeBron James says he decided to get the coronavirus vaccine as it ""best suited"" him, his family and his friends.","LeBron James' LA Lakers won the NBA title in 2020
Basketball great LeBron James says he decided to get the coronavirus vaccine because it ""best suited"" him, his family and his friends.
The 36-year-… [+1899 chars]","['#LeBron', '#James', '#\r\n', '#""', ""#'""]"
How The Coronavirus Pandemic Made The CFA Test Tougher,2021-09-30T09:00:12Z,"This summer, a record low number of C.F.A. test takers passed the first level of the notoriously difficult exams, reviving an old debate about the merits of the qualification.","Florian Campuzan, an independent stock trader in Versailles, France, was not as lucky. Mr. Campuzan is pursuing a C.F.A. in hopes that the knowledge and prestige gained from the credential will bolst… [+1418 chars]","['#,', '#Campuzan', '#Florian', '#independent', '#stock']"
Texas Man Is Sentenced to 15 Months for Online Covid-19 Hoax,2021-10-06T21:24:50Z,"Christopher Charles Perez, 40, wrote on Facebook last year that he had paid someone who was infected with the coronavirus to lick groceries at a San Antonio supermarket, federal prosecutors said.","Im sure the judge was intending to send a message to people who would be involved in like hoaxes, which is important, said Ms. Gertner, now a lecturer at Harvard Law School. The question is whether h… [+1544 chars]","['#,', '#I', '#m', '#sure', '#judge']"
"Once Faltering, India’s Vaccine Campaign Gives Its Billionth Dose",2021-10-21T09:21:20Z,"In the U.S., a C.D.C. panel will debate which groups of people need extra doses of the coronavirus vaccines made by Moderna and Johnson & Johnson. The panel will also discuss the mix-and-match strategy for booster shots.","India on Thursday celebrated having administered a billion doses of Covid vaccine, drawing on local manufacturing capacity to reverse devastating early stumbles in its pandemic response.
Still, the … [+10849 chars]","['#,', '#India', '#Thursday', '#celebrated', '#having']"
"Howard Zucker, Who Led Cuomo’s Pandemic Response, Resigns",2021-09-23T15:22:15Z,"Dr. Zucker, the New York State health commissioner, came under fire for potentially helping obscure the coronavirus death toll in nursing homes and keeping health data from the Legislature.","I thank Dr. Zucker for his willingness to stay on board so we dont have a gap in leadership until a person is identified, she said. I think I made it very clear on my first day in office that Id be l… [+1054 chars]","['#I', '#thank', '#Dr.', '#Zucker', '#willingness']"
Italy Imposes Mandate for Workers to Boost Covid Vaccination,2021-10-15T07:28:31Z,"In the most sweeping mandate put in place by a Western democracy, Italy on Friday began requiring all workers to either be vaccinated or take a coronavirus test every two days.",Italy set a new bar on Friday for major Western democracies seeking to move beyond the pandemic by putting in place a sweeping law that requires the nations entire work force public and private to ha… [+7844 chars],"['#Italy', '#set', '#new', '#bar', '#Friday']"
"Funeral homes in Idaho are running out of room due to the Covid-19 surge, coroner says",2021-09-26T08:46:06Z,Covid-19 is killing so many people in Idaho that some funeral homes are running out of space to store the bodies as coronavirus deaths continue climbing in the US.,"(CNN)Covid-19 is killing so many people in Idaho that some funeral homes are running out of space to store the bodies as coronavirus deaths continue climbing in the US. 
""We are working nonstop. We'… [+5783 chars]","['#.', '#We', '#(', '#CNN)Covid-19', '#killing']"
Analysis: Joe Biden's poll numbers are plummeting at exactly the wrong time,2021-09-23T13:28:20Z,"It's been a very rough last two months for President Joe Biden, plagued by a disastrous end to the war in Afghanistan and the Delta variant of the coronavirus rampaging through the unvaccinated.","THE POINT -- NOW ON YOUTUBE! 
In each episode of his weekly YouTube show, Chris Cillizza will delve a little deeper into the surreal world of politics. Click to subscribe!","['#!', '#THE', '#POINT', '#--', '#NOW']"
Coronavirus in DR Congo: How funds went missing - report,2021-10-09T08:02:43Z,"Dodgy accounting and unofficial bonuses plague the nation's virus response, says the Congo Research Group.","Image caption, The study says one hospital charged $2.9m (£2.1m) for the care of just 266 coronavirus patients (library photo)
Missing money, opaque pay practices and poor management hamper the coro… [+2897 chars]","['#,', '#m', '#(', '#)', '#Image']"
Russia's reports record-high daily COVID-19 infections - Reuters,2021-10-17T08:31:00Z,"Russia reported 34,303 cases of new coronavirus infections in the past 24 hours, a record-high number since the start of the pandemic, data from the state coronavirus task force showed on Sunday.","A medical specialist walks by an ambulance outside a hospital for patients infected with the coronavirus disease (COVID-19) in Moscow, Russia October 6, 2021. REUTERS/Maxim ShemetovMOSCOW, Oct 17 (Re… [+792 chars]","['#,', '#(', '#A', '#medical', '#specialist']"
Two studies suggest that newer variants of the coronavirus are better at traveling through the air.,2021-10-02T15:20:24Z, ,"Daily Covid Briefing
Oct. 2, 2021Updated Oct. 2, 2021, 11:10 a.m. ET
Oct. 2, 2021, 11:10 a.m. ET
By Apoorva Mandavilli
Newer variants of the coronavirus like Alpha and Delta are highly contagious… [+19282 chars]","['#,', '#\r\n', '#Oct.', '#2', '#2021']"
"Getting flu with Covid makes you twice as likely to die, says UK health chief",2021-10-10T10:59:56Z,"Both flu and Covid-19 will circulate for first time this winter, warns head of UK Health Security Agency<ul><li>Coronavirus – latest updates</li><li>See all our coronavirus coverage</li></ul>People who catch flu and Covid at the same time this winter are twic…","People who catch flu and Covid at the same time this winter are twice as likely to die than those who only have coronavirus, according to the UK Health Security Agency chief executive, Dr Jenny Harri… [+2991 chars]","['#,', '#People', '#catch', '#flu', '#Covid']"
Moscow announces one-week lockdown as Russia Covid deaths rise,2021-10-21T11:40:14Z,Mayor’s plan follows Putin announcing a weeklong nationwide paid holiday to stop spread of virus<ul><li>Coronavirus – latest updates</li><li>See all our coronavirus coverage</li></ul>Moscow authorities have announced a weeklong closure of most non-essential s…,"Moscow authorities have announced a weeklong closure of most non-essential services from 28 October, as Russia registered its highest daily number of coronavirus deaths and infections since the start… [+2910 chars]","['#Moscow', '#authorities', '#announced', '#weeklong', '#closure']"
What you need to know about the coronavirus right now - Reuters,2021-10-15T05:22:00Z,What you need to know about the coronavirus right now  Reuters,"Staff members cheer after shooting confetti in the air to celebrate the re-opening of SEA LIFE Sydney Aquarium to visitors, following an extended closure due to coronavirus disease (COVID-19) lockdow… [+3939 chars]","['#Staff', '#members', '#cheer', '#shooting', '#confetti']"
What you need to know about the coronavirus right now - Reuters,2021-09-30T12:27:00Z,What you need to know about the coronavirus right now  Reuters,A woman wearing a protective face mask walks along a deserted city bridge during morning commute hours on the first day of a lockdown as the state of Victoria looks to curb the spread of a coronaviru… [+3660 chars],"['#A', '#woman', '#wearing', '#protective', '#face']"
What you need to know about the coronavirus right now - Reuters,2021-10-04T11:51:00Z,What you need to know about the coronavirus right now  Reuters,"A lone woman, wearing a protective face mask, walks across a city centre bridge as the state of Victoria looks to curb the spread of a coronavirus disease (COVID-19) outbreak in Melbourne, Australia,… [+3811 chars]","['#,', '#A', '#lone', '#woman', '#wearing']"
What you need to know about the coronavirus right now - Reuters,2021-10-01T12:27:00Z,What you need to know about the coronavirus right now  Reuters,"A bus driver in a protective face mask drives through the city centre during a lockdown to curb the spread of a coronavirus disease (COVID-19) in Sydney, Australia, September 30, 2021. REUTERS/Loren … [+3718 chars]","['#,', '#A', '#bus', '#driver', '#protective']"
What you need to know about the coronavirus right now - Reuters,2021-10-05T12:37:00Z,What you need to know about the coronavirus right now  Reuters,People walk through a city park marked with social distancing circles as some restrictions are eased for fully vaccinated residents during a lockdown to curb the spread of a coronavirus disease (COVI… [+3813 chars],"['#People', '#walk', '#city', '#park', '#marked']"
What you need to know about the coronavirus right now - Reuters,2021-10-06T13:01:00Z,What you need to know about the coronavirus right now  Reuters,"People wait in line for a coronavirus disease (COVID-19) test at a testing site, temporarily set up at a railway station in Seoul, South Korea, July 7, 2021. REUTERS/ Heo RanOct 6 (Reuters) - Here's … [+3610 chars]","['#,', '#(', '#)', '#People', '#wait']"
What you need to know about the coronavirus right now - Reuters,2021-09-24T12:32:00Z,What you need to know about the coronavirus right now  Reuters,"Commuters wearing masks to avoid contracting the coronavirus disease (COVID-19) walk on a zebra crossing in Seoul, South Korea, September 24, 2021. REUTERS/Kim Hong-JiSept 24 (Reuters) - Here's what … [+3715 chars]","['#,', '#(', '#)', '#24', '#-']"
What you need to know about the coronavirus right now - Reuters,2021-10-08T12:53:00Z,What you need to know about the coronavirus right now  Reuters,"People queue to receive COVID-19 vaccines inside Lichfield Cathedral, which has been turned into an emergency vaccination centre, amid the coronavirus disease (COVID-19) outbreak, in Lichfield, in Bi… [+3814 chars]","['#,', '#COVID-19', '#Lichfield', '#People', '#queue']"
More than 2 million people in England have had Covid booster jab,2021-10-09T16:40:47Z,"Priorities for third dose of vaccine are those over 50, health and social care workers and anyone with a weakened immune system<ul><li>Coronavirus – latest updates</li><li>See all our coronavirus coverage</li></ul>More than two million people have been given …","More than two million people have been given the coronavirus booster jab in England so far.
Booster jabs are being given at least six months after a second dose.
NHS England said on Saturday that t… [+1560 chars]","['#given', '#England', '#.', '#\r\n', '#More']"
Japan to end state of emergency as Covid cases plummet,2021-09-28T07:29:15Z,"Restrictions in 27 of country’s 47 prefectures to end on Thursday, PM Yoshihide Suga announces<ul><li>Coronavirus – latest updates</li><li>See all our coronavirus coverage</li></ul>Japan will lift emergency coronavirus measures across the board at the end of …","Japan will lift emergency coronavirus measures across the board at the end of this week, amid a dramatic fall in cases and rapid progress in its vaccination rollout.
The prime minister, Yoshihide Su… [+4225 chars]","['#,', '#Japan', '#lift', '#emergency', '#coronavirus']"
"Covid can infect cells in pancreas that make insulin, research shows",2021-09-28T23:01:35Z,Results of two studies may explain why some people develop diabetes after catching the virus<ul><li>Coronavirus – latest updates</li><li>See all our coronavirus coverage</li></ul>Covid-19 can infect insulin-producing cells in the pancreas and change their fun…,"Covid-19 can infect insulin-producing cells in the pancreas and change their function, potentially explaining why some previously healthy people develop diabetes after catching the virus.
Doctors ar… [+5236 chars]","['#Covid-19', '#infect', '#insulin', '#-', '#producing']"
Cancer patients face ‘perfect storm’ as Covid piles pressure on NHS,2021-10-22T05:00:26Z,Macmillan analysis of NHS England data finds overstretched hospitals struggling to cope with backlog<ul><li>Coronavirus – latest updates</li><li>See all our coronavirus coverage</li></ul>Progress in clearing the NHS cancer treatment backlog in England has gon…,"Progress in clearing the NHS cancer treatment backlog in England has gone into reverse amid high Covid cases and staff shortages, analysis suggests.
With rising coronavirus hospitalisations also now… [+4487 chars]","['#Progress', '#clearing', '#NHS', '#cancer', '#treatment']"
Covid timeline: the weeks leading up to first UK lockdown,2021-10-11T23:00:01Z,Key dates in the early stages of the coronavirus pandemic in the UK<ul><li>Coronavirus – latest updates</li><li>See all our coronavirus coverage</li></ul>31 December 2019: China alerts the World Health Organization (WHO) to dozens of cases of “viral pneumonia…,"31 December 2019: China alerts the World Health Organization (WHO) to dozens of cases of viral pneumonia in the central city of Wuhan.
11 January 2020: China reports its first death, a 61-year-old m… [+3396 chars]","['#:', '#China', '#31', '#December', '#2019']"
NHS test sites to open in shopping centres and stadiums in England,2021-10-01T06:45:21Z,Forty ‘one-stop shop’ centres will carry out wide range of health checks after GP referrals<ul><li>Coronavirus – latest updates</li><li>See all our coronavirus coverage</li></ul>NHS tests and scans are to be offered at football stadiums and shopping centres t…,"NHS tests and scans are to be offered at football stadiums and shopping centres to help deal with the backlog caused by the coronavirus pandemic.
The health service is launching 40 one-stop shop dia… [+2678 chars]","['#NHS', '#tests', '#scans', '#offered', '#football']"
Covid infection rate in England rises again to one in 60 people,2021-10-15T13:33:59Z,"About 890,000 people in England had coronavirus last week, one in 45 in Wales and one in 80 in Scotland<ul><li>Coronavirus – latest updates</li><li>See all our coronavirus coverage</li></ul>About one in 60 people in England had Covid-19 last week, according t…","About one in 60 people in England had Covid-19 last week, according to estimates published on Friday.
The prevalence of infection was up for a third straight week, having been at about one in 70 the… [+2378 chars]","['#week', '#,', '#About', '#60', '#people']"
Opinion: Alabama's use of Covid relief funds to build prisons must be stopped,2021-10-14T01:17:43Z,"Nearly 60 years after Alabama stood in the national spotlight for its resistance in ending racial segregation in American schools, the state's current governor, Kay Ivey, signed into law earlier this month a string of bills that will use coronavirus relief fu…","Sancia Dalley is senior vice president of strategic partnerships and investor engagement at Robert F. Kennedy Human Rights, an international social justice organization based in Washington, DC. Chris… [+5130 chars]","['#,', '#Sancia', '#Dalley', '#senior', '#vice']"
Five times as many police officers have died from Covid-19 as from gunfire since start of pandemic,2021-10-16T19:38:25Z,"The coronavirus has become the leading cause of death for officers despite law enforcement being among the first groups eligible to receive the vaccine at the end of 2020. That's 476 Covid-19 related deaths since the start of the pandemic, compared to 93 from…","(CNN)Jessica Desfosses shared the final heartrending text messages she exchanged with her police officer husband in the days before he died from Covid-19. 
""Commercial just came on tv a casket sayin… [+8233 chars]","['#(', '#CNN)Jessica', '#Desfosses', '#shared', '#final']"
"Booster dose of Pfizer/BioNTech coronavirus vaccine shows 95.6% efficacy in Phase 3 trial, companies say",2021-10-21T12:06:13Z,"A booster dose of the Pfizer/BioNTech coronavirus vaccine was found to have a high efficacy -- 95.6% -- against Covid-19 in a Phase 3 trial, the companies announced on Thursday. They noted that ""efficacy was consistent irrespective of age, sex, race, ethnicit…","(CNN)A booster dose of the Pfizer/BioNTech coronavirus vaccine was found to have a high efficacy -- 95.6% -- against Covid-19 in a Phase 3 trial, the companies announced on Thursday. They noted that … [+2431 chars]","['#--', '#(', '#CNN)A', '#booster', '#dose']"
"Missing kissing, Parisians say ""la bise"" is back - Reuters",2021-09-28T11:40:00Z,"France's traditional ""la bise"" greeting - a kiss on each cheek - is slowing make a comeback as the coronavirus recedes.","PARIS, Sept 28 (Reuters) - France's traditional ""la bise"" greeting - a kiss on each cheek - is slowing make a comeback as the coronavirus recedes.
Bestowed on family, friends, or anyone else in an i… [+2144 chars]","['#,', '#-', '#""', '#PARIS', '#Sept']"
Thailand to further ease coronavirus restrictions - Reuters,2021-09-27T06:22:00Z,"Thailand will further ease its coronavirus restrictions later this week, the country's COVID-19 task force said on Monday.","People wait in front of a coronavirus disease (COVID-19) mobile vaccination bus set-up to serve the elderly and disabled groups in Bangkok, Thailand, September 8, 2021. REUTERS/Juarawee KittisilpaBAN… [+492 chars]","['#,', '#People', '#wait', '#coronavirus', '#disease']"
"Tell us: how do you feel about returning to cinemas, museums and galleries?",2021-09-23T15:01:35Z,"We would like to hear about what you’re enjoying most about returning to cinemas, museums and galleries now that UK coronavirus restrictions have liftedWe would like to hear about what you’re enjoying most about returning to cinemas, museums and galleries now…","We would like to hear about what youre enjoying most about returning to cinemas, museums and galleries now that UK coronavirus restrictions have lifted. 
What films, art, or exhibits have you seen? … [+462 chars]","['#,', '#We', '#like', '#hear', '#enjoying']"
Nadhim Zahawi: school pupils may have to wear masks again if Covid cases rise,2021-10-07T09:14:13Z,Education secretary confirms back-up plan for English schools but says he doesn’t want bubbles to return<ul><li>Coronavirus – latest updates</li><li>See all our coronavirus coverage</li></ul>Children could be forced to wear masks in schools across England aga…,"Children could be forced to wear masks in schools across England again as part of the governments back-up plan if the countrys Covid situation deteriorates significantly, the education secretary has … [+3065 chars]","['#Children', '#forced', '#wear', '#masks', '#schools']"
Covid: 37% of people have symptoms six months after infection,2021-09-28T18:03:55Z,"A large study reveals the scale of long Covid, with symptoms affected by sex, age and severity of infection <ul><li>Coronavirus – latest updates</li><li>See all our coronavirus coverage</li></ul>One in three people infected with coronavirus will experience at…","One in three people infected with coronavirus will experience at least one symptom of long Covid, a new study suggests.
Much of the existing research into the condition a mixture of symptoms reporte… [+4372 chars]","['#One', '#people', '#infected', '#coronavirus', '#experience']"
British Medical Association says ‘time is now’ for Covid plan B,2021-10-20T21:18:56Z,The doctors’ trade union believes not taking action over England’s growing Covid cases is ‘wilfully negligent’<ul><li>Coronavirus – latest updates</li><li>See all our coronavirus coverage</li></ul>The British Medical Association has said the “time is now” for…,"The British Medical Association has said the time is now for the government to enact plan B in England to prevent the NHS being overwhelmed by growing numbers of coronavirus cases.
The doctors trade… [+3972 chars]","['#The', '#British', '#Medical', '#Association', '#said']"
Fraud in UK at level where it ‘poses national security threat’,2021-09-22T10:03:19Z,UK Finance says £754m stolen from bank customers in first half of 2021 as scammers capitalised on Covid<ul><li>Coronavirus – latest updates</li><li>See all our coronavirus coverage</li></ul>Fraud in the UK has risen to a level where it poses a “national secur…,"Fraud in the UK has risen to a level where it poses a national security threat, according to the main banking body, with £754m stolen from bank customers during the first half of this year a 30% rise… [+2918 chars]","['#,', '#Fraud', '#UK', '#risen', '#level']"
Latvia enters month-long Covid lockdown as fourth wave breaks,2021-10-20T12:06:49Z,Former coronavirus success story forced to impose night-time curfew as infections surge<ul><li>Coronavirus – latest updates</li><li>See all our coronavirus coverage</li></ul>Latvia has announced a month-long Covid-19 lockdown after an unprecedented surge in i…,"Latvia has announced a month-long Covid-19 lockdown after an unprecedented surge in infections, becoming the first country in Europe to reimpose far-reaching restrictions as countries across the cont… [+3654 chars]","['#-', '#Latvia', '#announced', '#month', '#long']"
Antibodies in breast milk remain for 10 months after Covid infection – study,2021-09-27T05:00:31Z,Exclusive: Researchers believe such antibodies could be used to treat people with severe coronavirus<ul><li>Coronavirus – latest updates</li><li>See all our coronavirus coverage</li></ul>Breastfeeding women who have been infected with Covid-19 continue to sec…,"Breastfeeding women who have been infected with Covid-19 continue to secrete virus-neutralising antibodies into their milk for up to 10 months, data suggests.
Besides emphasising the important role … [+3656 chars]","['#Breastfeeding', '#women', '#infected', '#Covid-19', '#continue']"
Italian Covid bereaved want inquiry extended beyond early outbreak,2021-10-11T16:37:05Z,Families say there are lessons to be learned as first Covid cases in 16 European countries came from Italy<ul><li>Coronavirus – latest updates</li><li>See all our coronavirus coverage</li></ul>Relatives of coronavirus victims in Italy are pushing for a full p…,Relatives of coronavirus victims in Italy are pushing for a full public inquiry into the governments handling of the pandemic as documents from the European Centre for Disease Prevention and Control … [+4308 chars],"['#Relatives', '#coronavirus', '#victims', '#Italy', '#pushing']"
Bereaved families call for acceleration of Covid inquiry after MPs’ report,2021-10-12T17:20:29Z,"Ministers should apologise for poor handling of crisis and loss of lives in pandemic, families say<ul><li>Coronavirus – latest updates</li><li>See all our coronavirus coverage</li></ul>Bereaved families have called for the Covid public inquiry to be accelerat…","Bereaved families have called for the Covid public inquiry to be accelerated and for ministers to apologise after a damning report by MPs on the handling of the pandemic.
Dr Cathy Gardner, whose fat… [+4288 chars]","['#Bereaved', '#families', '#called', '#Covid', '#public']"
Wales draws up emergency Covid plan to stop NHS being overwhelmed,2021-10-07T21:00:44Z,‘Urgent’ plan could mean restrictions – but government says most likely scenario is country will remain at alert level 0<ul><li>Coronavirus – latest updates</li><li>See all our coronavirus coverage</li></ul>The Welsh government has drawn up a “Covid urgent” p…,"The Welsh government has drawn up a Covid urgent plan designed to deal with any new coronavirus crisis that threatens to overwhelm the NHS this autumn and winter.
If the plan has to be brought in, i… [+2913 chars]","['#plan', '#The', '#Welsh', '#government', '#drawn']"
Antibodies in breast milk remain for 10 months after Covid infection – study,2021-09-27T05:00:31Z,Exclusive: Researchers believe such antibodies could be used to treat people with severe coronavirus<ul><li>Coronavirus – latest updates</li><li>See all our coronavirus coverage</li></ul>Breastfeeding women who have been infected with Covid-19 continue to sec…,"Breastfeeding women who have been infected with Covid-19 continue to secrete virus-neutralising antibodies into their milk for up to 10 months, data suggests.
Besides emphasising the important role … [+3656 chars]","['#Breastfeeding', '#women', '#infected', '#Covid-19', '#continue']"
"UK Covid cases near 50,000 in one day as No 10 warns of ‘challenging’ winter",2021-10-18T19:23:01Z,Reported number of cases rise steadily in October to reach highest level since 17 July<ul><li>Coronavirus – latest updates</li><li>See all our coronavirus coverage</li></ul>Downing Street has warned of “challenging” months ahead as UK coronavirus cases reache…,"Downing Street has warned of challenging months ahead as UK coronavirus cases reached their highest level since mid-July.
The reported number of Covid cases in the UK increased steadily through Octo… [+3063 chars]","['#UK', '#cases', '#Downing', '#Street', '#warned']"
The best home COVID-19 tests - CNET,2021-10-10T14:00:04Z,Here's what to know about the best PCR and rapid antigen coronavirus tests you can take at home.,"For the most up-to-date news and information about the coronavirus pandemic, visit the WHO and CDC websites.
As new COVID-19 variants spread around the world, at-home COVID-19 tests are an important… [+9248 chars]","['#\xa0', '#-', '#,', '#COVID-19', '#For']"
Coronavirus report warned of impact on UK four years before pandemic,2021-10-07T19:32:29Z,Exclusive: Report from planning exercise in 2016 alerted government of need to stockpile PPE and set up contact tracing system<ul><li>Coronavirus – latest updates</li><li>See all our coronavirus coverage</li></ul>Senior health officials who war-gamed the impa…,"Senior health officials who war-gamed the impact of a coronavirus hitting the UK, warned four years before the onset of Covid-19 of the need for stockpiles of PPE, a computerised contact tracing syst… [+6861 chars]","['#,', '#Senior', '#health', '#officials', '#war']"
What went wrong with the UK’s handling of the Covid pandemic?,2021-10-13T02:00:08Z,A parliamentary report says the initial handling of the coronavirus outbreak was one of the worst public health failures in UK history. Could tens of thousands of deaths have been avoided – and what are the lessons for the future?Nearly 19 months after the co…,"Nearly 19 months after the coronavirus pandemic was declared, a landmark Commons report the first major report looking into the UKs response to coronavirus has been published. The 151-page report, ti… [+1069 chars]","['#report', '#coronavirus', '#,', '#Nearly', '#19']"
"Thailand to accelerate vaccinations, stimulus measures - PM - Reuters",2021-09-22T07:27:00Z,"Thailand will speed up vaccinations and introduce urgent stimulus measures to mitigate the impact of its most severe coronavirus outbreak, its prime minister said on Wednesday.","A view of Bangkok's port along Chao Phraya River is photographed during sunset in Bangkok, Thailand, June 2, 2021. REUTERS/Athit PerawongmethaBANGKOK, Sept 22 (Reuters) - Thailand will speed up vacci… [+2070 chars]","['#,', '#Bangkok', '#Thailand', '#A', '#view']"
Ukraine plans mandatory COVID-19 shots for some jobs - Reuters,2021-09-22T13:49:00Z,"Ukraine is planning compulsory coronavirus vaccinations for some jobs including teachers and employees of state institutions and local governments, Health Minister Oleh Lyashko said on Wednesday.","Employees use disinfectant while cleaning the Ukrainian lawmakers' working places to prevent the spread of coronavirus disease (COVID-19) in the session hall of parliament in Kiev, Ukraine March 19, … [+1234 chars]","['#,', '#Employees', '#use', '#disinfectant', '#cleaning']"
Brazil approaches 600000 COVID deaths in second-deadliest outbreak - Reuters,2021-09-23T21:21:00Z,"Brazil has had 24,611 new cases of the novel coronavirus reported in the past 24 hours, and 648 deaths from COVID-19, the health ministry said on Thursday.","A healthcare worker shows the syringe to a woman after applying a dose of Sinovac's CoronaVac coronavirus disease (COVID-19) vaccine at Cacique de Ramos, one of the most traditional carnival blocks o… [+819 chars]","['#A', '#healthcare', '#worker', '#shows', '#syringe']"
Japan to lift state of emergency in all regions at month-end -NHK - Reuters,2021-09-27T10:16:00Z,"Japan will lift the coronavirus state of emergency in all regions at the end of September, broadcaster NHK reported on Monday.","People wearing protective masks, amid the coronavirus disease (COVID-19) outbreak, make their way at a shopping district in Tokyo, Japan, September 9, 2021. REUTERS/Kim Kyung-Hoon TPX IMAGES OF THE D… [+446 chars]","['#,', '#People', '#wearing', '#protective', '#masks']"
"Japan will take necessary steps to support economy, new minister Yamagiwa says - Reuters",2021-10-05T04:47:25Z,"Japan's government will take all necessary measures to support the economy, which has been hit hard by the coronavirus pandemic, new economy minister Daishiro Yamagiwa said on Tuesday.","TOKYO, Oct 5 (Reuters) - Japan's government will take all necessary measures to support the economy, which has been hit hard by the coronavirus pandemic, new economy minister Daishiro Yamagiwa said o… [+1071 chars]","['#,', '#economy', '#TOKYO', '#Oct', '#5']"
France plans to extend COVID state of emergency until next summer - Reuters,2021-09-29T13:18:00Z,"France plans to extend the state of emergency until next year's summer to deal with the continuing coronavirus epidemic, government spokesman Gabriel Attal said on Wednesday.","A tent for rapid coronavirus disease (COVID-19) test is seen on the Champs-Elysees near the Arc de Triomphe in Paris, September 3, 2021. REUTERS/Eric GaillardPARIS, Sept 29 (Reuters) - France plans t… [+794 chars]","['#,', '#(', '#)', '#-', '#A']"
Japan Aug household spending seen falling on pandemic hit: Reuters poll - Reuters,2021-10-01T04:24:00Z,"Japan's household spending likely slipped back into contraction in August, when the government expanded emergency curbs to contain the coronavirus, a Reuters poll showed on Friday.","A staff wearing a face shield sells fish at Japan's supermarket group Aeon's shopping mall as the mall reopens amid the coronavirus disease (COVID-19) outbreak in Chiba, Japan May 28, 2020. REUTERS/K… [+2267 chars]","['#Japan', '#mall', '#,', '#A', '#staff']"
Oil gains as energy demand rises; WTI tops $80 - Reuters,2021-10-11T02:17:00Z,"Oil prices rose on Monday, extending multiweek gains, amid supply restraint from major producers and growing demand for fuels as economies try to recover from the coronavirus pandemic.","Pipelines run to Enbridge Inc.'s crude oil storage tanks at their tank farm in Cushing, Oklahoma, March 24, 2016. REUTERS/Nick OxfordTOKYO, Oct 11 (Reuters) - Oil prices rose on Monday, extending mul… [+1429 chars]","['#,', '#Pipelines', '#run', '#Enbridge', '#Inc.']"
Oil gains as energy demand rises; WTI tops $80 - Reuters.com,2021-10-11T02:17:00Z,"Oil prices rose on Monday, extending multiweek gains, amid supply restraint from major producers and growing demand for fuels as economies try to recover from the coronavirus pandemic.","FILE PHOTO: Pipelines run to Enbridge Inc.'s crude oil storage tanks at their tank farm in Cushing, Oklahoma, March 24, 2016. REUTERS/Nick Oxford
TOKYO (Reuters) - Oil prices rose on Monday, extendi… [+1346 chars]","['#,', '#FILE', '#PHOTO', '#:', '#Pipelines']"
Ex-President Bill Clinton recovering in hospital from infection - Reuters,2021-10-15T14:56:00Z,"Former U.S. President Bill Clinton remained in a California hospital on Friday, where he was recovering from a non-coronavirus infection three days after he was admitted.","ORANGE, Calif., Oct 15 (Reuters) - Former U.S. President Bill Clinton remained in a California hospital on Friday, where he was recovering from a non-coronavirus infection three days after he was adm… [+2137 chars]","['#,', '#-', '#ORANGE', '#Calif.', '#Oct']"
"A UK COVID lockdown would be wrong right now, business minister says - Reuters",2021-10-20T06:40:00Z,"Another COVID lockdown would be completely wrong right now as Britain is learning to live with the novel coronavirus, Business Secretary Kwasi Kwarteng said on Wednesday.","Workers walk towards Tower Bridge during the morning rush hour, amid a relaxation of lockdown restrictions during the coronavirus disease (COVID-19) pandemic in London, Britain, September 15, 2021. R… [+615 chars]","['#,', '#Workers', '#walk', '#Tower', '#Bridge']"
Poland to make COVID booster shots available to all adults - Reuters,2021-10-20T16:26:00Z,"Poland is planning to make third doses of the coronavirus vaccine available to all adults ""over the next few weeks"", Prime Minister Mateusz Morawiecki said on Wednesday.","A doctor prepares the Pfizer-BioNTech coronavirus disease (COVID-19) vaccine at the University Hospital in Bialystok, Poland January 4, 2021. Agnieszka Sadowska/Agencja Gazeta via REUTERS WARSAW, Oct… [+615 chars]","['#,', '#A', '#doctor', '#prepares', '#Pfizer']"
IMF sees Gambia's GDP returning to 4.9% growth this year - Reuters,2021-09-22T19:07:00Z,"Gambia's economy should recover to growth of 4.9% in 2021 from a small contraction last year caused by the coronavirus crisis, the International Monetary Fund said on Thursday.","By Reuters Staff
DAKAR, Sept 22 (Reuters) - Gambias economy should recover to growth of 4.9% in 2021 from a small contraction last year caused by the coronavirus crisis, the International Monetary F… [+1047 chars]","['#Reuters', '#,', '#By', '#Staff', '#\r\n']"
"UK reports 34460 more COVID-19 cases, 166 further deaths - Reuters UK",2021-09-22T15:10:00Z,"Britain recorded 34,460 new COVID-19 cases on Wednesday and a further 166 deaths within 28 days of a positive coronavirus test, government data showed.","People walk over Westminster Bridge, amid the coronavirus disease (COVID-19) pandemic, in London, Britain, August 7, 2021. REUTERS/Henry Nicholls
LONDON, Sept 22 (Reuters) - Britain recorded 34,460 … [+305 chars]","['#,', '#(', '#)', '#Britain', '#People']"
Russia reports record daily COVID-19 death toll - Reuters,2021-10-08T09:14:00Z,"Russia reported 936 coronavirus-related deaths on Friday, the largest single-day death toll it has recorded since the pandemic began.","People line up to receive vaccine against the coronavirus disease (COVID-19) outside a vaccination centre in the State Department Store, GUM, in central Moscow, Russia June 25, 2021. REUTERS/Shamil Z… [+462 chars]","['#,', '#People', '#line', '#receive', '#vaccine']"
Ukraine daily COVID-19 deaths top 300 for first time since May - Reuters,2021-10-05T06:28:00Z,"The number of daily coronavirus-related deaths in Ukraine topped 300 for the first time since mid-May, health ministry data showed on Tuesday.","People wear protective face masks sit in a bus amid the ongoing coronavirus disease (COVID-19) outbreak in central Kyiv, Ukraine September 29, 2021. REUTERS/Gleb GaranichKYIV, Oct 5 (Reuters) - The n… [+766 chars]","['#,', '#(', '#)', '#People', '#wear']"
Swiss manufacturers 'purchasing as much as possible' - PMI data - Reuters,2021-10-01T07:33:00Z,"Swiss manufacturers are scrambling to buy what inputs they can as the economy roars back from the depths of the coronavirus pandemic, September PMI data showed on Friday.","By Reuters Staff
ZURICH, Oct 1 (Reuters) - Swiss manufacturers are scrambling to buy what inputs they can as the economy roars back from the depths of the coronavirus pandemic, September PMI data sh… [+935 chars]","['#Reuters', '#,', '#By', '#Staff', '#\r\n']"
"Asian shares wobble as Evergrande, inflation worries hit confidence - Reuters",2021-10-04T05:54:00Z,Asian shares dipped on Monday as concerns about China's property sector and inflation worries offset upbeat U.S. data and positive news on new drugs to fight the coronavirus.,"TOKYO, Oct 4 (Reuters) - Asian shares dipped on Monday as concerns about China's property sector and inflation worries offset upbeat U.S. data and positive news on new drugs to fight the coronavirus.… [+4047 chars]","['#TOKYO', '#,', '#Oct', '#4', '#(']"
"Asian shares slip as Evergrande, inflation worries sap positive mood - Reuters",2021-10-04T02:48:00Z,Asian shares dipped on Monday as concerns about China's property sector and inflation worries offset upbeat U.S. data and positive news on new drugs to fight the coronavirus.,"A man watches an electric board showing Nikkei index outside a brokerage at a business district in Tokyo, Japan, June 21, 2021. REUTERS/Kim Kyung-HoonTOKYO, Oct 4 (Reuters) - Asian shares dipped on M… [+3615 chars]","['#,', '#-', '#A', '#man', '#watches']"
Putin to end COVID-19 self-isolation period with Erdogan talks - Kremlin - Reuters,2021-09-29T09:45:00Z,"Russian President Vladimir Putin will end his period of coronavirus-related self-isolation later on Wednesday when he meets Turkish President Tayyip Erdogan, the Kremlin said.","Russian President Vladimir Putin and Turkish President Tayyip Erdogan shake hands during a news conference following their talks in Moscow, Russia March 5, 2020. Pavel Golovkin/Pool via REUTERSMOSCOW… [+651 chars]","['#President', '#,', '#Russian', '#Vladimir', '#Putin']"
German COVID-19 cases jump as state leaders discuss response - Reuters,2021-10-22T09:41:00Z,"A key measure of coronavirus infections in Germany rose sharply over the past week, figures showed on Friday, raising the prospect of tougher restrictions as winter approaches.","People queue to receive a vaccine against the coronavirus disease (COVID-19), during a night of vaccinations with music, at the Arena Treptow vaccination centre in Berlin, Germany, August 9, 2021. Jo… [+1990 chars]","['#,', '#People', '#queue', '#receive', '#vaccine']"
"Asian shares slip as Evergrande, inflation worries sap positive mood - Reuters",2021-10-04T02:41:00Z,Asian shares dipped on Monday as concerns about China's property sector and inflation worries offset upbeat U.S. data and positive news on new drugs to fight the coronavirus.,"TOKYO (Reuters) - Asian shares dipped on Monday as concerns about Chinas property sector and inflation worries offset upbeat U.S. data and positive news on new drugs to fight the coronavirus.
FILE P… [+3383 chars]","['#TOKYO', '#(', '#Reuters', '#)', '#-']"
Jailed former Venezuelan minister dies of COVID-19 - Reuters,2021-10-13T02:20:00Z,"Former Venezuelan Defense Minister and retired general Raul Baduel, considered a political prisoner by the opposition, has died after contracting coronavirus, the attorney general said on Tuesday.","Former general Raul Baduel (C) walks out from his house in Maracay, Venezuela August 13, 2015. REUTERS/Pablo Ramos/File PhotoCARACAS, Oct 12 (Reuters) - Former Venezuelan Defense Minister and retired… [+1338 chars]","['#,', '#Former', '#(', '#)', '#/']"
Italian police use water cannon to push back anti-vax protesters in Rome - Reuters,2021-10-09T17:29:00Z,"Italian police on Saturday used water cannon to push back hundreds of people demonstrating in Rome against coronavirus vaccination, seeking to keep them from the prime minister's office.","ROME, Oct 9 (Reuters) - Italian police on Saturday used water cannon to push back hundreds of people demonstrating in Rome against coronavirus vaccination, seeking to keep them from the prime ministe… [+1326 chars]","['#,', '#ROME', '#Oct', '#9', '#(']"
Biden's popularity rises slightly as coronavirus cases fall - Reuters,2021-10-08T19:51:00Z,"U.S. President Joe Biden’s approval rating has increased somewhat over the past few weeks, according to Reuters/Ipsos polling, as coronavirus infection rates slowed.","U.S. President Joe Biden gestures upon his arrival at Chicago O'Hare International Airport in Chicago, Illinos, U.S. October 7, 2021. REUTERS/Evelyn Hockstein/File PhotoNEW YORK, Oct 8 (Reuters) - U.… [+1662 chars]","['#,', '#U.S.', '#Chicago', '#/', '#President']"
Japan to end state of emergency on Thursday - Reuters,2021-09-28T13:14:50Z,Japan will lift its coronavirus state of emergency in all regions on Thursday (September 30) for the first time in nearly six months. Edward Baran reports.,"Posted 
Japan will lift its coronavirus state of emergency in all regions on Thursday (September 30) for the first time in nearly six months. Edward Baran reports.","['#.', '#Posted', '#\r\n', '#Japan', '#lift']"
Jeep will debut the 2022 Grand Cherokee 4xe on September 29th,2021-09-24T17:32:39Z,"The wait is nearly over. Jeep will debut the long-awaited 2022 Grand Cherokee, including the nameplate’s first-ever 4xe plug-in hybrid model, on September 29th at 9AM ET, the automaker announced today. Jeep had initially planned to debut the 2022 Grand Cherok…","The wait is nearly over. Jeep will debut the long-awaited 2022 Grand Cherokee, including the nameplates first-ever 4xe plug-in hybrid model, on September 29th at 9AM ET, the automaker announced today… [+847 chars]","['#-', '#,', '#The', '#wait', '#nearly']"
What you need to know about the coronavirus right now - National Post,2021-10-15T05:21:33Z,What you need to know about the coronavirus right now  National Post,"Article content
Heres what you need to know about the coronavirus right now:
Sydney to open to travelers without quarantine
Sydney will allow in fully vaccinated travelers from overseas from Nov. … [+3601 chars]","['#\r\n', '#Sydney', '#travelers', '#Article', '#content']"
"Tucker to Antivax Rubes: No, Really, I'm One of You!",2021-10-12T19:10:00Z,"The lady doth protest too much, methinks: Fox News host Tucker Carlson spent a portion of his show on Monday night reassuring his audience of gullible anti-vaxxers that he is “not pretending at all” to agree with them.Read more...","The lady doth protest too much, methinks: Fox News host Tucker Carlson spent a portion of his show on Monday night reassuring his audience of gullible anti-vaxxers that he is not pretending at all to… [+2930 chars]","['#The', '#lady', '#doth', '#protest', '#,']"
One in six most critically ill patients are unvaccinated pregnant women with Covid,2021-10-10T23:01:14Z,NHS England release statistics after evidence Covid can cause serious problems for mothers-to-be and their babies<ul><li>Coronavirus – latest updates</li><li>See all our coronavirus coverage</li></ul>One in six patients requiring the NHS’s highest form of lif…,"One in six patients requiring the NHSs highest form of life-saving care are unvaccinated pregnant women with Covid, new figures reveal.
Twenty of the 118 patients with Covid who received extra corpo… [+3130 chars]","['#patients', '#Covid', '#One', '#requiring', '#NHSs']"
Jeremy Vine ‘unnerved’ after anti-vaccine protesters target his home,2021-10-10T19:03:34Z,Television presenter says group ‘angry’ at BBC reporting on Covid vaccines tried to serve him ‘anti-vaxx writ’<ul><li>Coronavirus – latest updates</li><li>See all our coronavirus coverage</li></ul>Television presenter Jeremy Vine has said he was “unnerved” af…,"The television and radio presenter Jeremy Vine has said he was unnerved after anti-vaccine protesters targeted his home.
Vine tweeted that the group tried to serve what it called an anti-vaxx writ w… [+1126 chars]","['#Vine', '#anti', '#-', '#The', '#television']"
UK records highest Covid deaths since March,2021-10-19T15:17:57Z,"Spread of infections beyond younger people pushes up hospitalisations and death rates<ul><li>Coronavirus – latest updates</li><li>See all our coronavirus coverage</li></ul>The UK has reported its highest number of Covid deaths for seven months, with 223 death…","The UK has reported its highest number of Covid deaths for seven months, with 223 deaths recorded within 28 days of a positive test for the virus.
The daily death rate, which has not been as high si… [+638 chars]","['#The', '#deaths', '#,', '#UK', '#reported']"
Why is England driving the rise in UK Covid cases?,2021-10-19T14:37:52Z,"A drop-off in mask wearing and slow uptake of booster jabs are among the reasons for the continuing growth<ul><li>Coronavirus – latest updates</li><li>See all our coronavirus coverage</li></ul>Covid cases in the UK are on the rise once more, with 49,156 repor…","Covid cases in the UK are on the rise once more, with 49,156 reported on Monday the highest figure since mid-July. The increase appears to be driven by growing case numbers in England, but what is be… [+6925 chars]","['#,', '#Covid', '#cases', '#UK', '#rise']"
"NHS app proving Covid vaccine status malfunctions, causing travel delays",2021-10-13T13:58:51Z,"Issues accessing Covid pass cause traveller to be turned away from flight at Gatwick<ul><li>Coronavirus – latest updates</li><li>See all our coronavirus coverage</li></ul>The NHS app that lets people prove their vaccine status is not working for some users, a…","The NHS app that lets people prove their vaccine status is not working for some users, a problem that could cause havoc for those trying to use it for travel.
An error message when people try to acc… [+700 chars]","['#people', '#The', '#NHS', '#app', '#lets']"
5% of Washington state police personnel don't comply with COVID-19 vaccine mandate,2021-10-19T21:13:39Z,"Only 127 of approximately 2,200 employees of the Washington State Patrol declined to get vaccinated against the coronavirus.","Nearly 95% of the people employed by the Washington state police force have complied with the mandate to get vaccinated against COVID-19, the agency announced Monday.
The Washington State Patrol emp… [+1115 chars]","['#Washington', '#Nearly', '#95', '#%', '#people']"
